{
  "id": "voice-highlight",
  "title": "Voice Token Highlighter",
  "description": "....",
  "version": "0.1.1",

  "authors": [{ "name": "RubyQ" }],

  "compatibility": { "minimum": "11", "verified": "13" },

  "socket": true,

  "esmodules": [
    "client.js"
  ],

  "url": "https://github.com/ARubyQ/voice-highlight",
  "download": "https://github.com/ARubyQ/voice-highlight/releases/download/v0.1.1/module.zip",
  "manifest": "https://github.com/ARubyQ/voice-highlight/releases/latest/download/module.json",
  "readme": "https://github.com/ARubyQ/voice-highlight/README.md"
}
